<?xml version="1.0" encoding="UTF-8" ?>
<!DOCTYPE mapper
 PUBLIC "-//mybatis.org//DTD Mapper 3.0//EN"
 "http://mybatis.org/dtd/mybatis-3-mapper.dtd">
<mapper namespace="mybatisday01.mapper.StudentMapper">

	<select id="getBystudentId" resultType="student">
		select * from student
		<where>
			<if test="id!=null">
				and id=#{id}
			</if>
			<if test="lastName!=null">
				and last_name=#{lastName}
			</if>
			<if test="email!=null">
				and email=#{email}
			</if>
			<if test="gender!=null">
				and gender=#{gender}
			</if>
		</where>
	</select>

	<select id="getBystudentId2" resultType="student">
		select * from student
		<trim prefix=" where " prefixOverrides="and|or" suffixOverrides="and|or">
			<if test="id!=null">
				and id=#{id}
			</if>
			<if test="lastName!=null">
				and last_name=#{lastName}
			</if>
			<if test="email!=null">
				and email=#{email}
			</if>
			<if test="gender!=null">
				and gender=#{gender}
			</if>
		</trim>
	</select>

	<resultMap type="student" id="aaa">
		<id column="id" property="id" />
		<result column="last_name" property="lastName" />
		<result column="gender" property="gender" />
	</resultMap>

	<select id="getBystudentId3" resultMap="aaa">
		select
		case gender
		when 1 then 11
		when 0 then 00
		else 99
		end as gender
		from
		student
		<where>
			<choose>
				<when test="id!=null">
					and id=#{id}
				</when>
				<when test="lastName!=null">
					and last_name =#{lastName}
				</when>
			</choose>

		</where>
	</select>

	<select id="getBystudentId4" resultMap="aaa">
		select
		case when last_name.length>2 then 9
		when last_name.length=2 then
		8
		else 7
		end as gender
		from student
		<where>
			<choose>
				<when test="id!=null">
					and id=#{id}
				</when>
				<when test="lastName!=null">
					and last_name =#{lastName}
				</when>
			</choose>

		</where>
	</select>


	<select id="selectforeach" resultType="student">
		select * from student
		<foreach collection="list" item="ids" open=" where id in ( "
			close=" )" separator=",">
			#{ids}
		</foreach>
	</select>

	<!-- MYSQL -->
	<!-- <insert id="addStudent"> -->
	<!-- insert into student(last_name) values -->
	<!-- <foreach collection="stus" item="stu" separator=","> -->
	<!-- (#{stu.lastName}) -->
	<!-- </foreach> -->
	<!-- </insert> -->

	<!-- MYSQL版本 -->
	<!-- <insert id="addStudent"> -->
	<!--需要在URL连接上添加配置： jdbc:mysql://94.191.85.100:3306/mybatis?allowMultiQueries=true -->
	<!-- <foreach collection="stus" item="stu" separator=";"> -->
	<!-- insert into student(last_name) values(#{stu.lastName}) -->
	<!-- </foreach> -->
	<!-- </insert> -->

	<!-- oracle 数据库 -->
	<insert id="addStudent">
		begin
		<foreach collection="stus" item="stu" separator=";">
			insert into
			student(last_name) values(#{stu.lastName})
		</foreach>
		end;
	</insert>
	
	<select id="likelist" resultType="student">
	  select * from student where last_name like #{lastName}
	</select>
</mapper>