<?xml version="1.0" encoding="UTF-8" ?>
<!DOCTYPE configuration
 PUBLIC "-//mybatis.org//DTD Config 3.0//EN"
 "http://mybatis.org/dtd/mybatis-3-config.dtd">
<configuration>

	<properties resource="dbconfig.properties"></properties>

	<settings>
		<setting name="mapUnderscoreToCamelCase" value="true"></setting>

		<!--association select 查询的时候懒查询 -->
		<setting name="lazyLoadingEnabled" value="true" />
		<setting name="aggressiveLazyLoading" value="false" />
	</settings>

	<typeAliases>
		<package name="mybatisday01.domain" />
	</typeAliases>
<!--     <plugins> -->
<!--         <plugin interceptor="mybatisday01.plugin.MybatisLogInterceptor"></plugin> -->
<!--     </plugins> -->
	<plugins>
	  <plugin interceptor="mybatisday01.plugin.MyFirstPlugin">
	    <property name="name" value="MyFirstPlugin"/>
	  </plugin>
	</plugins>
	<environments default="development">
		<environment id="development">
			<transactionManager type="JDBC" />
			<dataSource type="POOLED">
				<property name="driver" value="com.mysql.jdbc.Driver" />
				<property name="url" value="jdbc:mysql://94.191.85.100:3306/mybatis?allowMultiQueries=true" />
				<property name="username" value="${jdbc.username}" />
				<property name="password" value="${jdbc.password}" />
			</dataSource>
		</environment>
	</environments>
	<!-- 将我们写好的sql映射文件（EmployeeMapper.xml）一定要注册到全局配置文件（mybatis-config.xml）中 -->
	<mappers>
		<mapper resource="studentMapper.xml" />
	</mappers>
</configuration>