<?xml version="1.0" encoding="UTF-8" ?>
<!DOCTYPE mapper
 PUBLIC "-//mybatis.org//DTD Mapper 3.0//EN"
 "http://mybatis.org/dtd/mybatis-3-mapper.dtd">
<mapper namespace="mybatisday01.mapper.DepartmentMapper">

	<resultMap type="mybatisday01.domain.Department" id="basedepartment">
		<id column="id" property="id" />
		<result column="dept_name" property="departName" />
	</resultMap>
	<select id="getDepartmentById" resultMap="basedepartment">
		select * from dept
		where id=#{id}
	</select>

	<resultMap type="mybatisday01.domain.Department" id="mykkkk">
		<id column="id" property="id" />
		<result column="dept_name" property="departName" />
		<!-- ofType：指定集合里边元素的类型 -->
		<collection property="stus" ofType="mybatisday01.domain.Student">
			<result column="last_name" property="lastName" />
		</collection>
	</resultMap>
	<select id="getDepartmentPlus" resultMap="mykkkk">
		select d.id,d.dept_name
		,s.last_name from dept d
		left join student s on d.id=s.deptid where
		d.id=#{id}
	</select>




	<resultMap type="mybatisday01.domain.Department" id="mykkkk2">
		<id column="id" property="id" />
		<result column="dept_name" property="departName" />
		<!-- ofType：指定集合里边元素的类型 -->
		<collection property="stus"
			select="mybatisday01.mapper.StudentMapper.getStudentByDept" column="{id=id}"></collection>
	</resultMap>
	<select id="getDepartmentPlusStep" resultMap="mykkkk2">
		select
		d.id,d.dept_name from dept d where d.id=#{id}
	</select>




</mapper>