<?xml version="1.0" encoding="UTF-8" ?>
<!DOCTYPE mapper
 PUBLIC "-//mybatis.org//DTD Mapper 3.0//EN"
 "http://mybatis.org/dtd/mybatis-3-mapper.dtd">
<mapper namespace="mybatisday01.mapper.StudentMapper">

	<resultMap type="student" id="stepbystep">
		<id column="id" property="id" />
		<result column="last_name" property="lastName" />
		<result column="email" property="email" />
		<result column="gender" property="gender" />
		<!-- select 必须写全名 -->
		<association property="depart"
			select="mybatisday01.mapper.DepartmentMapper.getDepartmentById"
			column="deptid"></association>
	</resultMap>
	<select id="selectUserByStep" resultMap="stepbystep">
		select * from student
		where id=#{id}
	</select>

	<resultMap type="student" id="linahe2">
		<id column="id" property="id" />
		<result column="last_name" property="lastName" />
		<association property="depart" javaType="mybatisday01.domain.Department">
			<result column="departName" property="departName" />
		</association>
	</resultMap>
	<select id="lianhechaxun2" resultMap="linahe2">
		select s.id ,s.last_name
		,d.dept_name as departName from student s left join
		dept d on s.deptid
		=d.id where s.id =1
	</select>


	<resultMap type="student" id="linahe">
		<id column="id" property="id" />
		<result column="last_name" property="lastName" />
		<result column="departName" property="depart.departName" />
	</resultMap>
	<select id="lianhechaxun" resultMap="linahe">
		select s.id ,s.last_name
		,d.dept_name as departName from student s left join
		dept d on s.deptid
		=d.id where s.id =1
	</select>


	<select id="getStudentByDept" resultMap="baseStudentResultmap">
		select * from student
		where deptid=#{id}
	</select>


	<resultMap type="student" id="baseStudentResultmap">
		<id column="id" property="id" />
		<result column="last_name" property="lastName" />
		<result column="email" property="email" />
		<result column="gender" property="gender" />
	</resultMap>

	<select id="selectbyresultmap" resultMap="baseStudentResultmap">
		select * from student
		where id=#{id}
	</select>

	<select id="getStudentByLastNameLike" resultType="student">
		select * from
		student where last_name like #{lastName}
	</select>

	<select id="returnmapByid" resultType="map">
		select * from student
		where id=#{id}
	</select>

	<select id="selectByUserName" resultType="student">
		select * from student
		where last_name like #{name}
	</select>

	<select id="getBystudentId" resultType="student">
		select * from student
		where id = #{id}
	</select>

	<select id="getByStudentId2" resultType="student">
		select * from student
		where id=#{list[0]}
	</select>

	<select id="getByStudentId4" resultType="student">
		select * from student
		where id=#{array[0]}
	</select>

	<!-- MYSQL获取自增主键 -->
	<insert id="addStudent" parameterType="student"
		useGeneratedKeys="true" keyProperty="id">
		insert into student
		(last_name,email,gender)
		values(#{lastName},#{email},#{gender})
	</insert>

	<!-- Oracle 不支持自增，从序列中获取值。 -->
	<!-- <insert id="addStudent2"> <selectKey order="BEFORE" keyProperty="id" 
		resultType="Integer"> select a.nextval() from dual </selectKey> insert into 
		student (id,last_name,email,gender) values(#{id},#{email},#{gender}) </insert> -->

	<delete id="deleteStudent" parameterType="integer">
		delete from student
		where id=#{id}
	</delete>

	<update id="updateStudent">
		update student set
		last_name=#{lastName},email=#{email},gender=#{gender}
		where id=#{id}
	</update>

	<insert id="addStudent2">
		insert into student (last_name,email,gender)
		values(#{a},#{b},#{c})
	</insert>

	<insert id="addStudent3" parameterType="student"
		useGeneratedKeys="true" keyProperty="id">
		insert into student
		(last_name,email,gender)
		values(#{s.lastName},#{s.email},#{s.gender})
	</insert>

	<insert id="addStudent4" useGeneratedKeys="true" keyProperty="id">
		insert into student
		(last_name,email,gender)
		values(#{aa},#{bb},#{cc})
	</insert>

	<select id="selecyByidandname" resultType="student">
		select * from student
		where id=#{id} and last_name=#{lastname}
	</select>

	<select id="selecyByidandname2" resultType="student">
		select * from
		${tablename} where id=#{id}
	</select>


	<resultMap type="student" id="mykkkkdis">
		<id column="id" property="id" />
		<result column="gender" property="gender"/>
		<discriminator javaType="string" column="gender">
			<!-- 女生 -->
			<case value="0" resultType="student">
				<!-- select 必须写全名 -->
				<association property="depart"
					select="mybatisday01.mapper.DepartmentMapper.getDepartmentById"
					column="deptid"></association>
			</case>
			<case value="1" resultType="student">
				<result column="last_name" property="email" />
			</case>
		</discriminator>

	</resultMap>
	<select id="getDepartmentPlusDis" resultMap="mykkkkdis">
		select
		* from student
		where id=#{id}
	</select>
</mapper>